indicator,horizon,IC,IC_pval,IC_abs,hit_rate_high,hit_rate_low,spread,spread_t,WF_avg_IC,WF_stable,WF_IC_1,WF_IC_2,WF_IC_3,WF_IC_4,WF_IC_5,WF_IC_6,WF_IC_7,asset
TF2_PvMA_50,5,0.055214652977979006,2.3195852646374698e-10,0.055214652977979006,0.567629179331307,0.5315301625892721,0.004837094724654115,4.0550342569481295,0.024219434999079744,5,0.10379252750038788,0.05243856041444688,-0.04041145059032374,0.007131429090967473,-0.010304854265568623,0.009756049456304977,0.04713378338734336,Bond
TF2_PvMA_50,21,0.05049003494496636,6.959078532804986e-09,0.05049003494496636,0.6027084601339014,0.5712764338962422,0.009064115027522827,3.5187695482101473,0.036322319013018335,5,0.1765622180483665,0.13200868404052926,-0.0993542816405963,-0.08498151337472928,0.06943771968493036,0.03841627984360528,0.02216712648902247,Bond
TF2_PvMA_50,63,0.034649832377488685,7.274593160530406e-05,0.034649832377488685,0.6475347275225156,0.6108058608058609,0.0051887319682999145,1.0559491284596376,0.010823189610579403,4,0.03164971923693529,0.23966305201327967,-0.22486123487140772,-0.03777481969324235,0.08668883257773334,0.11731141119160982,-0.13691463318085223,Bond
TF2_PvMA_100,5,0.052065735908324424,2.279259565231199e-09,0.052065735908324424,0.5644376899696049,0.5347211669958973,0.004431088924732036,3.716114383720917,0.019523119666599167,5,0.07290318990653047,0.08126988874572232,-0.05069227672560748,-0.009484765934796304,0.009526934828375294,0.032912602163482026,0.00022626468248784814,Bond
TF2_PvMA_100,21,0.05798187143064255,2.878000348192282e-11,0.05798187143064255,0.6122945830797322,0.5616917693595009,0.007905479267149169,3.0491665969606783,0.01591290146801846,4,0.10722485018105368,0.16061400917707344,-0.1514958362739547,-0.08291260604020498,0.08838910319799231,0.05096031464275818,-0.061389524608588736,Bond
TF2_PvMA_100,63,0.037675638789527,1.604810619827606e-05,0.037675638789527,0.6533353686460083,0.605006105006105,0.012059484576722138,2.516930702972931,-0.048963021326822266,3,-0.02070110974977337,0.17955436820623466,-0.3182324681784544,-0.14513845381013532,0.06024159696424987,0.08837165457446751,-0.18683673729434475,Bond
TF2_PvMA_150,5,0.05170986813611906,2.9270845501080294e-09,0.05170986813611906,0.5648936170212766,0.5342653092235222,0.0038210476078043617,3.259333386329785,0.0024603165223855425,4,0.05893398549539129,0.05070676268935511,-0.06805334792353926,-0.05590598775199065,0.006884789845646603,0.034873160786003034,-0.010217147484167325,Bond
TF2_PvMA_150,21,0.056033135982481774,1.2867350946175598e-10,0.056033135982481774,0.6103164942178941,0.563669557279781,0.009730159044823983,3.777030061076723,-0.021880493743605418,4,0.0845762482580502,0.10610178725499228,-0.20384279279216533,-0.1654548121118228,0.05053169335773306,0.03568571705457501,-0.06076129722660032,Bond
TF2_PvMA_150,63,0.03618679671673486,3.4248684401841537e-05,0.03618679671673486,0.6522668294916807,0.606074481074481,0.01277051874746181,2.666996228605155,-0.0868053174199903,3,0.0013203724601085491,0.12322220230988323,-0.35760697083668724,-0.25606162092168727,-0.03633564159618488,0.05802998829217157,-0.140205551647536,Bond
TF2_PvMA_200,5,0.05188483106537257,2.5888715032783414e-09,0.05188483106537257,0.5658054711246201,0.5333535936787722,0.004200415551719955,3.5639147425606463,-0.006433169738414811,3,0.05006685336296029,0.046259549445024695,-0.06649014964267702,-0.07659284824635475,-0.019938630130228858,0.02378834341636924,-0.002125306373997288,Bond
TF2_PvMA_200,21,0.05769244609808384,3.606149832054493e-11,0.05769244609808384,0.6101643335362142,0.5638216948121102,0.011346914570527713,4.339699293769137,-0.03938590779898633,3,0.06992187694513281,0.08550399998970765,-0.20664531875992373,-0.2007177754643063,-0.00202095647250493,0.0030259543125457982,-0.02476913514355565,Bond
TF2_PvMA_200,63,0.05203387475818245,2.5270132543639304e-09,0.05203387475818245,0.6620363303312471,0.5963064713064713,0.02371365845095119,4.8932316372714215,-0.09664510596063645,2,-0.013969560071866616,0.08093211093702507,-0.2910980888328176,-0.2711059582152419,-0.08496959331110678,0.003204274508748104,-0.09950892673919531,Bond
TF2_PvMA_252,5,0.054090005601632594,5.324233321201888e-10,0.054090005601632594,0.5671732522796352,0.5319860203616472,0.003831010649591296,3.2781984073864687,-0.007793468457484929,4,0.036513511680272136,0.037847702674904816,-0.048149284503140925,-0.08134585349928994,-0.019393771284217348,0.011991521859772786,0.007981893869303978,Bond
TF2_PvMA_252,21,0.06191580583316044,1.2041759094069884e-12,0.06191580583316044,0.6119902617163725,0.5619960444241594,0.010490516227315021,4.0149602282285555,-0.046044383058100595,3,0.04507120386545092,0.06213231893810998,-0.18112002683215422,-0.2060575650306062,0.0024333241155275673,-0.031007385970767094,-0.013762550492265126,Bond
TF2_PvMA_252,63,0.06542283126149212,6.571484571564962e-14,0.06542283126149212,0.6609677911769195,0.5973748473748474,0.022254089219817502,4.543048892307786,-0.10353116972709965,1,-0.0387142934376539,0.04857767846068524,-0.266543851500645,-0.2560776099719238,-0.09384632911290394,-0.04649615284890375,-0.07161762967835252,Bond
TF3_MOM_21,5,0.057259299850121466,4.910100562654726e-11,0.057259299850121466,0.5655015197568389,0.5336574988603555,0.006784538971913928,5.8053158024506235,0.012600613802496706,4,0.0763922441606842,0.03405392360939539,-0.01469136754291682,0.02658214177627344,-0.05988470673500775,-0.01198267263655301,0.037734733985601496,Bond
TF3_MOM_21,21,0.06054115604464723,3.735180845576567e-12,0.06054115604464723,0.6016433353621424,0.5723413966225468,0.018219894169007184,7.435197599149977,0.032512938227512646,4,0.18009467759521966,0.10064065091779074,-0.07563134810074873,-0.08879293855231807,0.054985425440262074,-0.0020629403784281257,0.058357040670810933,Bond
TF3_MOM_21,63,0.041322754040481996,2.2262909918609482e-06,0.041322754040481996,0.6443291100595329,0.614010989010989,0.01014990369921423,2.077985175712788,0.025533943361132683,4,0.06510522439439077,0.1794616475723431,-0.1629108514636406,-0.01443957957998046,0.08089493277927927,0.10370524698411585,-0.0730790171585791,Bond
TF3_MOM_42,5,0.03874545945474212,8.74104566400455e-06,0.03874545945474212,0.562917933130699,0.536240692903814,0.0033576497639015656,2.8717885519696,0.02615616917049523,6,0.09783987864896525,0.05568117377186944,-0.06832153016924593,0.0022006561463646917,0.015369663671705062,0.04360511440577709,0.036718227718031,Bond
TF3_MOM_42,21,0.03323490231495873,0.00013833486477403615,0.03323490231495873,0.5964698721850273,0.5775140727217405,0.003284977123810054,1.3431921627335563,0.028473465032886298,4,0.13412567102265757,0.13120143021950043,-0.10455728126516174,-0.07385286983006929,0.05361420387429388,0.07009426579379376,-0.011311164584810521,Bond
TF3_MOM_42,63,0.02256976494350403,0.009777340642317424,0.02256976494350403,0.6443291100595329,0.614010989010989,0.002208865807457931,0.4603023678200259,-0.00752125415879732,3,-0.009207679304344032,0.24909005481590035,-0.2446002439628107,-0.05632368740811482,0.06456548995831234,0.10858811895777022,-0.16476083216829462,Bond
TF3_MOM_63,5,0.040318829228044535,3.712252212228616e-06,0.040318829228044535,0.5610942249240122,0.538064123993314,0.0028797681260533357,2.468484547589552,0.018282696003411054,4,0.07216578227294095,0.09857292777156135,-0.08579729089963965,-0.0026497506243336267,-0.0018875008642352162,0.044985307993666124,0.002589396373917425,Bond
TF3_MOM_63,21,0.04923997986951487,1.6201014838833796e-08,0.04923997986951487,0.6090992087644552,0.5648866575384147,0.006756506896991232,2.6796199390592013,0.027088980604682233,4,0.06804481562304596,0.20281768756371082,-0.14419593868116304,-0.04181207592411629,0.10095023485212468,0.07653497672869959,-0.07271683592952605,Bond
TF3_MOM_63,63,0.03189543696455225,0.00026061332860922455,0.03189543696455225,0.6511982903373531,0.6071428571428571,0.01068806000661704,2.3439305106689097,-0.04575936245629353,3,-0.056826581827951195,0.19065648924836143,-0.3055133099997438,-0.0962188151133626,0.07988270505157204,0.07443694556259806,-0.2067329701155286,Bond
TF3_MOM_126,5,0.038719455548867195,8.863303454301863e-06,0.038719455548867195,0.5585106382978723,0.5406473180367726,0.003362155001520938,2.8917383691162897,-0.02043927658817976,3,0.019719307507995287,0.022581146368446013,-0.08080475023124745,-0.11858504902937926,-0.00668263844371581,0.026731082333047614,-0.006034034622404735,Bond
TF3_MOM_126,21,0.030288595675828818,0.0005144761597646898,0.030288595675828818,0.5969263542300669,0.5770576601247528,0.00814393741887387,3.1396538617988137,-0.058267096974593535,4,0.037605106826546254,0.0384406989869501,-0.22527160258226778,-0.25339001238174247,0.0036507592043992765,0.018057935697453405,-0.02696256457349355,Bond
TF3_MOM_126,63,0.011482437683604725,0.18874746513541288,0.011482437683604725,0.6377652266829492,0.6205738705738706,0.011982639500223442,2.4557053014565704,-0.11280306944182426,3,0.02889292139416687,0.04480247092061256,-0.34476448673784554,-0.349780684229126,-0.1381284321356849,0.02656962227243739,-0.05721289757733025,Bond
TF3_MOM_189,5,0.05141811623477996,3.5889880740528474e-09,0.05141811623477996,0.5667173252279635,0.5324418781340222,0.002645034184116383,2.3509773509139524,-0.010029151008709793,3,0.027131972315079408,0.014161050219644325,-0.01241916180647793,-0.07936348787631317,-0.0522759468863315,-0.00529976987149773,0.03786128684492806,Bond
TF3_MOM_189,21,0.05581474549726854,1.5171981502354693e-10,0.05581474549726854,0.6059038344491783,0.5680815457173285,0.008618480003038628,3.3454645503368243,-0.05705357121268796,3,0.051386209092782346,0.015450985015125731,-0.132719905535119,-0.21209548499648018,-0.08903323551260064,-0.06395500935255757,0.031591442800033544,Bond
TF3_MOM_189,63,0.08255416810899545,2.9329259010711856e-21,0.08255416810899545,0.6513509387879713,0.6069902319902319,0.03858630459428218,7.788641369641515,-0.08665064783265326,1,-0.00558280536377081,0.015118603550894729,-0.086553822712888,-0.24728134733274199,-0.11924172405176951,-0.10836824845836025,-0.05464519045993688,Bond
TF3_MOM_252,5,0.06880490303987936,2.744404000461775e-15,0.06880490303987936,0.5732522796352584,0.5259079167299803,0.004295970045179171,3.7789529918020426,-0.008488282151928515,2,0.02198131691698733,-0.011332770096332255,-0.03147582965191663,-0.02487474091454842,-0.008016091487872985,-0.013402687728931039,0.00770282789911439,Bond
TF3_MOM_252,21,0.0760116491973607,2.623076216838251e-18,0.0760116491973607,0.6141205112598904,0.5598661189715503,0.011813114624748555,4.64410071316604,-0.054591457453975485,2,0.02820659850703905,-0.06057948805868784,-0.12351125725273357,-0.13068928320528564,0.006769874928901104,-0.07890427276255704,-0.023432374334504385,Bond
TF3_MOM_252,63,0.08417201636188681,4.856411742168804e-22,0.08417201636188681,0.6539459624484811,0.6043956043956044,0.031079673289103334,6.345204707183664,-0.10847408675090212,0,-0.028251657416183077,-0.09740484553136698,-0.2493932998226149,-0.1593052995192882,-0.09533376151521376,-0.11546128697898718,-0.0141684564726607,Bond
TF4_DualM_21_126,5,-0.020201932569097816,0.02047050524499803,0.020201932569097816,0.5419452887537994,0.5572101504330649,-0.0010224535209555899,-0.8870045432582785,0.030754785691096447,3,0.006219884166147397,-0.018395393756603377,0.10676293352046716,0.14516260274798795,-0.0180127790872476,-0.02579872761805695,0.019344979864980565,Bond
TF4_DualM_21_126,21,-0.0037191060917473296,0.6698436778673932,0.0037191060917473296,0.5868837492391966,0.5870987372584817,-0.0015026227866350578,-0.5961864298960976,0.08151068852750223,2,0.026869680932416495,-0.003085291451918762,0.22634620298430191,0.22899514140928895,0.031098113231782396,-0.002120011606952846,0.06247098419359749,Bond
TF4_DualM_21_126,63,0.004092177030432795,0.6395114604583622,0.004092177030432795,0.6334910700656389,0.6248473748473748,-0.007460037282383175,-1.5522745530673954,0.1315013925746666,6,-0.01535543126729056,0.03273784692002628,0.3042455839806031,0.3456850820958656,0.20802114316328468,0.00916754828444381,0.03600797484573311,Bond
TF4_DualM_21_189,5,-0.03492826099585021,6.127108721726054e-05,0.03492826099585021,0.5376899696048633,0.5614648229752317,-0.0011933830488655974,-1.0865277432770548,0.014633650660566464,4,-0.020498893031209168,-0.002165047945984522,0.026698005569803843,0.08983432541812209,0.03925918798479768,-0.0017173093380245346,-0.02897471403354015,Bond
TF4_DualM_21_189,21,-0.03455272735525258,7.422079259080541e-05,0.03455272735525258,0.5818624467437614,0.5921192758253461,-0.00486546262683559,-1.9082507368311716,0.06815583790085002,2,-0.0075830806611975506,0.021174981698887416,0.1264964555380775,0.1552467927041585,0.1286819859692955,0.06274981750216344,-0.009676087445434715,Bond
TF4_DualM_21_189,63,-0.071016864970539,3.99598444466428e-16,0.071016864970539,0.6090673179667226,0.6492673992673993,-0.029663907176023303,-6.0215056751144,0.0940613708402382,0,0.0056408347890583846,0.05464942963855357,0.054496018025703606,0.18543941115076001,0.16656037765194612,0.14567224633844258,0.04597127828720319,Bond
TF4_DualM_21_252,5,-0.05863582642263207,1.674185681489046e-11,0.05863582642263207,0.5261398176291794,0.5730132198753989,-0.0020216856817668544,-1.79710168535829,0.014486256346587598,1,0.0019785550210399717,0.01276998459337699,0.04975313921487484,0.03571644745311988,-0.015430589975322343,0.00947783808746024,0.007138420031563605,Bond
TF4_DualM_21_252,21,-0.06571685615399223,4.628800027555892e-14,0.06571685615399223,0.5597991479001826,0.6141792180130838,-0.006300328695501761,-2.527890232456948,0.06549852356839465,0,0.027624668119585787,0.07116733628193725,0.1293629428593941,0.1039575755596874,0.011476299277610114,0.06805044655531811,0.04685039632522981,Bond
TF4_DualM_21_252,63,-0.07877352318531275,1.7128287282667322e-19,0.07877352318531275,0.6031140283926119,0.6552197802197802,-0.02752074666913417,-5.619905421284862,0.11718796827342011,1,0.04444573807097837,0.1395835673139056,0.2313360243412892,0.14052622916800836,0.1324803926084254,0.14232008127371487,-0.010376254862381052,Bond
TF4_DualM_42_126,5,-0.01935113249978375,0.026419715438896863,0.01935113249978375,0.5437689969604863,0.5553867193435648,-0.00018279181611488473,-0.16112280246931573,0.035408851663664496,1,0.028731886669362165,0.0011175198029164468,0.05290352506941663,0.1245398968895675,0.018870346345572588,-0.002407747021857233,0.024106533890673378,Bond
TF4_DualM_42_126,21,-0.00765809839543559,0.3799746717532488,0.00765809839543559,0.5882531953743153,0.5857294994675186,0.00010997674373439473,0.044022267567307594,0.07684969644033653,0,0.023672407206864553,0.031034978604506755,0.18933014881174268,0.18902050140194326,0.04820155759348924,0.030250026036334827,0.02643825542747436,Bond
TF4_DualM_42_126,63,0.006749604472515494,0.43978810341756563,0.006749604472515494,0.637001984429858,0.6213369963369964,-0.0015922632674916642,-0.33217364629790014,0.11555772822298083,5,-0.06268568052646542,0.09871157689571676,0.23335967653639425,0.329038153698248,0.2346997998789725,0.028818918108717853,-0.05303834703071814,Bond
TF4_DualM_42_189,5,-0.03896173309898245,7.784828327334372e-06,0.03896173309898245,0.5329787234042553,0.5661753532897736,-0.0019798085694155395,-1.780771761855531,0.012555964934664753,3,-0.006439318860635181,0.017092748366098875,-0.023092453014508102,0.0500872061681294,0.07417442635945784,0.006982555412173094,-0.030913409888062647,Bond
TF4_DualM_42_189,21,-0.040333766118781166,3.7320000158583935e-06,0.040333766118781166,0.5794278758368837,0.5945534763426137,-0.004654820820855363,-1.8231895767146886,0.06167089568344686,2,-0.012730573450942162,0.05996462046973309,0.08240260913387022,0.09964459690666295,0.1515666542275463,0.09071801358870576,-0.03986965109144823,Bond
TF4_DualM_42_189,63,-0.07053079182218658,6.327610855050943e-16,0.07053079182218658,0.6119676385284689,0.6463675213675214,-0.03337109613558767,-6.756663351707548,0.07498968256012727,3,-0.03758101533769462,0.12033084570986328,-0.03195036463301136,0.15142320887309907,0.1755212035666998,0.1661267944808953,-0.018942894738960617,Bond
TF4_DualM_42_252,5,-0.06450565276075268,1.290028679419306e-13,0.06450565276075268,0.5238601823708207,0.575292508737274,-0.004476763052330628,-4.124317876256135,0.012670676836151562,0,0.01857294329372881,0.020124826858347367,0.016558904615337655,0.004263177481885139,0.010671274024492076,0.01612608835184122,0.0023775232274286786,Bond
TF4_DualM_42_252,21,-0.07499613433176718,7.322724903135106e-18,0.07499613433176718,0.5558429701765064,0.6181347938536437,-0.013156636227663243,-5.253638114712157,0.05671138027454442,0,0.015051062811680671,0.08027534722558088,0.10769052152819485,0.05573566437931247,0.014116822853960386,0.10010063904331548,0.024009604079766215,Bond
TF4_DualM_42_252,63,-0.081375480446642,1.0636935813076635e-20,0.081375480446642,0.6073881850099222,0.650946275946276,-0.037010605881211515,-7.675752846913452,0.10217705231313544,2,-0.004432863588820885,0.18640580777225133,0.18550572499839957,0.1195808259117141,0.15258867066885415,0.16512677312310026,-0.08953557269355054,Bond
TF4_DualM_63_126,5,-0.015384858015551613,0.07757901388711673,0.015384858015551613,0.5439209726443769,0.5552347667527732,-0.0009985299928887289,-0.9401902140291273,0.03462724649355668,0,0.018753066298119053,0.06140132868721973,0.009220022150578022,0.10650861379263939,0.013876004827800778,0.011595247800164502,0.021036441898375315,Bond
TF4_DualM_63_126,21,0.006167642184601131,0.47952309714188296,0.006167642184601131,0.595861229458308,0.5781226228510573,-0.000628982489114166,-0.26095889927792576,0.09564345766900963,5,-0.024816166052958114,0.1579061402013654,0.16935603132670965,0.20554555463213128,0.13247139952918155,0.047455709185584144,-0.01841446513894655,Bond
TF4_DualM_63_126,63,0.007002297700282801,0.4228568714296893,0.007002297700282801,0.6337963669668752,0.6245421245421245,-0.0012984011517330266,-0.27851029920935605,0.09200454476559568,5,-0.15726818403526271,0.11671668271910388,0.16352464062543434,0.3234330385010196,0.28113005538950214,0.04068289497328641,-0.12418731481391392,Bond
TF4_DualM_63_189,5,-0.03502541140141596,5.844177743871567e-05,0.03502541140141596,0.5367781155015198,0.5623765385199818,-0.0015661120694663026,-1.3971637716337935,0.0065840687065349245,3,-0.015516267468872936,0.06363674353554863,-0.06588260460128081,0.029376323012729123,0.06258220255332385,0.014966123545591552,-0.04307403963129494,Bond
TF4_DualM_63_189,21,-0.02787624283847144,0.0013916644649274307,0.02787624283847144,0.5809494826536823,0.5930321010193215,-0.0023038331737937623,-0.914647878215269,0.06486488950177695,2,-0.05208127581506178,0.1406621691093802,0.04337413128145036,0.10498103713073575,0.19658435135075764,0.10829575718009761,-0.08776194372492122,Bond
TF4_DualM_63_189,63,-0.06750757193175771,1.0294302988976512e-14,0.06750757193175771,0.6130361776827965,0.6452991452991453,-0.02877769281440818,-5.9165596162674605,0.052328086240535844,3,-0.08639582553304198,0.13162354229011522,-0.10250142733566894,0.1359023690192218,0.1807043093355977,0.19096790674755357,-0.08400427084002653,Bond
TF4_DualM_63_252,5,-0.06135995361680166,1.8510215083333923e-12,0.06135995361680166,0.5262917933130699,0.5728612672846072,-0.004248480087814394,-3.9436664064253595,0.011423512808925064,3,0.004554322875856159,0.04824128249737009,-0.004939208249167414,-0.0062833479784374525,-0.0017354382615782297,0.029822550116553038,0.010304428661879268,Bond
TF4_DualM_63_252,21,-0.06055929637462501,3.680389355183681e-12,0.06055929637462501,0.5686244674376141,0.6053552411379888,-0.011316707050718876,-4.551743832044583,0.0688093332841431,1,-0.025229414522283083,0.1575129218029423,0.08856649470403505,0.08251011372069167,0.056344555775021704,0.12029161668977412,0.001669044818819967,Bond
TF4_DualM_63_252,63,-0.07189699312883951,1.7248657133559826e-16,0.07189699312883951,0.6206686002137078,0.6376678876678876,-0.03639127596381647,-7.547591336513973,0.08324611088506173,2,-0.07450875652112261,0.22337201221799102,0.13643367941668405,0.10645187942295824,0.17185619828804258,0.16748610334543076,-0.14836833997455198,Bond
TF5_MACD_12_26_9,5,0.04675205258924896,8.05529927811887e-08,0.04675205258924896,0.5693009118541034,0.5298586840905637,0.004751496081498913,4.217570488035924,0.027342551702921384,5,0.03223060930397206,0.0020940556394801616,0.044387683445262165,0.11510068080642298,-0.05117452372521225,-0.004380591594225826,0.05313994804475038,Bond
TF5_MACD_12_26_9,21,0.07726051185448472,7.284235847119461e-19,0.07726051185448472,0.6092513694461351,0.5647345200060855,0.019850897470445706,7.945358859812214,0.03427489553748632,5,0.08937638849138196,0.028598946014112267,0.050440543588532935,0.0147294089264841,-0.026122535424256,-0.02253867934944017,0.10544019651558913,Bond
TF5_MACD_12_26_9,63,0.04683575318984628,8.156021533409672e-08,0.04683575318984628,0.6534880170966265,0.6048534798534798,0.013581633979000425,2.794633223615266,0.04986801725744289,6,0.12206319771358491,0.031400166984101974,-0.004033308112578038,0.03175321950260043,0.03612872241564693,0.0498950615699315,0.0818690607288125,Bond
TF5_MACD_12_52_9,5,0.05096536894979772,4.913810421230941e-09,0.05096536894979772,0.5673252279635258,0.5318340677708555,0.00524169942160827,4.6956878254057575,0.033688540182097985,5,0.06373231472455365,0.011764322791647882,0.038266386288904844,0.1036556957969844,-0.035611089936220225,-0.0068000123555192115,0.060812163964334594,Bond
TF5_MACD_12_52_9,21,0.07602374742442526,2.5909767967448748e-18,0.07602374742442526,0.6042300669506999,0.56975505857295,0.02211451841941994,9.025269944839984,0.04008912934423852,5,0.1403151147772118,0.03407304310800089,0.030497834453045634,-0.01644566720490656,0.00744887049441192,-0.03049237091908714,0.11522708070099306,Bond
TF5_MACD_12_52_9,63,0.049991787705014945,1.0312302754050908e-08,0.049991787705014945,0.6469241337200428,0.6114163614163615,0.015610225118309513,3.218389511893295,0.06382297789831545,6,0.12385234644224906,0.07587842243194401,-0.006173763514266058,0.046664052135247755,0.0849223796450765,0.06892465867356405,0.05269274947439291,Bond
TF5_MACD_26_52_18,5,0.05684701374352234,6.744699193819448e-11,0.05684701374352234,0.5702127659574469,0.5289469685458137,0.00793310362741564,6.8538712659364585,0.04244776641729737,5,0.10932770416488684,0.04382706676776693,0.018098767691649222,0.05000822903920601,-5.916927774624657e-05,-0.00045562716330288343,0.07638739369862166,Bond
TF5_MACD_26_52_18,21,0.06022988339426873,4.810014345732246e-12,0.06022988339426873,0.6092513694461351,0.5647345200060855,0.021078166410984905,8.449450162829912,0.05886178294093376,5,0.19738574741828635,0.07847327194159617,-0.010221170862814493,-0.06171697625232176,0.09197028960267824,0.0025076416729679116,0.11363367706614391,Bond
TF5_MACD_26_52_18,63,0.03607462059296845,3.622079750752886e-05,0.03607462059296845,0.6426499771027324,0.6156898656898657,0.00793545701402859,1.5978441440027888,0.07870382451730987,5,0.0805541255844735,0.1885668650440721,-0.014327088829365509,0.0538589924517131,0.17352715098776392,0.09899217991639572,-0.030245453533883797,Bond
TF6_SlopeZ_100_60,5,0.042572991222608686,1.0301791345988836e-06,0.042572991222608686,0.5571428571428572,0.5420148913538976,0.004462332264376358,4.817540876336914,0.04983505905235228,7,0.0740031851183174,0.07144907787789911,0.036540907497807744,0.10988700570067668,0.01103237749930488,0.01480011017004631,0.031132749502413924,Bond
TF6_SlopeZ_100_60,21,0.04308657984250029,7.741558317259579e-07,0.04308657984250029,0.5973828362751065,0.5766012475277651,0.008131348923573657,4.378652077937415,0.05704458583913165,6,0.039093206792946214,0.11682463938957886,0.01842331054300046,0.0739063751211581,0.13633861045756662,0.043449599047400596,-0.02872364047772929,Bond
TF6_SlopeZ_100_60,63,-0.00790522762909063,0.36555754259265244,0.00790522762909063,0.6339746597841389,0.6245901639344262,-0.013426353708043876,-3.5015936492656445,0.007374514869231781,3,-0.14007696827582475,0.10120417580332511,-0.174003861422195,0.023026475257470914,0.18727691215053577,0.1812438418067776,-0.12704897123546718,Bond
TF6_SlopeZ_100_120,5,0.015509957732796884,0.07519680145163454,0.015509957732796884,0.549740616417455,0.5494172846980475,0.002996102304926149,3.0671386677267884,0.021260742752679574,5,0.021002979574464783,0.06216104583585898,-0.02961959377121434,0.048702382440643434,0.027099254955029194,0.04119531160918602,-0.02171618137521106,Bond
TF6_SlopeZ_100_120,21,0.005937337694553582,0.4960823452062443,0.005937337694553582,0.5862068965517241,0.5877712031558185,0.0042499939766596755,2.1496589726756414,0.01914792025774618,4,-0.011448051422998408,0.10594504906003781,-0.1273517365104742,0.0265647155756019,0.12961053345629056,0.08523267787164772,-0.0745177462258821,Bond
TF6_SlopeZ_100_120,63,-0.04236236044167735,1.2292496667982623e-06,0.04236236044167735,0.6174629827507251,0.6408730158730159,-0.01834630429411932,-4.883878696995492,-0.027886107812229777,4,-0.0849890165574448,0.0817148131776016,-0.32208512074560247,-0.09827219039946226,0.16968213946343724,0.20940345452247136,-0.1506568341466091,Bond
TF6_SlopeZ_200_60,5,0.008805959983136276,0.3124206985667946,0.008805959983136276,0.5480086446434085,0.5510998054765823,0.0021493429801318145,2.1391804010319238,0.0164655411542444,5,0.09336018070122384,0.01584212468924561,0.005932544240440908,-0.01174023223268656,-0.09056446396972678,0.044330138499387405,0.05809849615182637,Bond
TF6_SlopeZ_200_60,21,-0.004111273631248602,0.6374111955908325,0.004111273631248602,0.5779049976790964,0.5957797066746483,-0.0011850113274470778,-0.5859314115475345,0.020066528101891582,2,0.11952048452347104,0.04259265594923272,0.024495890236236693,-0.11256320229828616,-0.06771490609123167,0.07869671256227241,0.055438061831546044,Bond
TF6_SlopeZ_200_60,63,0.006330962640455801,0.46867727963232536,0.006330962640455801,0.6285802755844558,0.6297411198073449,-0.0003043191454589686,-0.07573560000853215,0.0285461266977717,5,0.045711116254001115,0.2543568036277158,0.024005863053418477,-0.10511009805034008,0.05386256837177608,0.08577008382343211,-0.15877345019560155,Bond
TF6_SlopeZ_200_120,5,0.006687495505162459,0.44300151266907495,0.006687495505162459,0.5498673326049633,0.5493041160793604,0.0008785967392528483,0.8740993975997399,0.008176857308182532,4,0.04697841222235569,0.047860143333580005,0.022225713384699045,-0.035825977558444966,-0.045632062466073084,0.02817999653961979,-0.006548224298458747,Bond
TF6_SlopeZ_200_120,21,-0.004113945871305943,0.6371924744638751,0.004113945871305943,0.5881801125703565,0.5858645725292636,-0.004545270429910556,-2.1439962163190813,-0.0003248571566337792,3,0.05191347124446056,0.11617929377122713,0.025661093975950018,-0.14274935657452126,-0.008993317331418617,0.033403800143076354,-0.07768898532521062,Bond
TF6_SlopeZ_200_120,63,0.012978015313364403,0.13741336972900278,0.012978015313364403,0.6381846635367762,0.6205869208997468,0.007179717055683009,1.7018805660133636,-0.0033430083705966846,4,-0.010544063356821743,0.2947046219726091,0.04424946490431869,-0.20767162928542177,0.11297242067012367,0.01737239221844391,-0.2744842657174287,Bond
VL1_Vol_10,5,-0.01588092944946089,0.06848164672019781,0.01588092944946089,0.558966565349544,0.5401914602643975,-0.0038656027149827433,-3.3227701862865,0.01610201442493722,4,0.07592984621865861,0.056230058243829865,0.06043437638407045,-0.0286577838743423,-0.003037964033885356,-0.04107722456914475,-0.007107207394626006,Bond
VL1_Vol_10,21,-0.045541676911114944,1.7543794216820755e-07,0.045541676911114944,0.5888618381010347,0.5851209493382017,-0.02134515058088322,-8.289327212455426,0.013289275588061264,4,0.1315016372016218,0.19261026971287018,0.04690571129888424,-0.11586256897194616,-0.01693500193810803,-0.11626133815421204,-0.02893378003268114,Bond
VL1_Vol_10,63,-0.02711634851376339,0.0019076984719677932,0.02711634851376339,0.6380705235841856,0.6202686202686203,-0.051030160991050386,-10.234548188421416,0.07886936899753812,2,0.23273950342604208,0.17547453523417447,0.1535809364278895,0.0438366961751534,-0.007853215491004541,-0.09453072784930552,0.048837855059817394,Bond
VL1_Vol_21,5,-0.019241138186395074,0.027288568883338384,0.019241138186395074,0.5580547112462007,0.5411031758091476,-0.005605428414474598,-4.832302061678211,0.01437428955940678,4,0.0751093516255472,0.0968661402566392,0.08238878243467762,-0.05145246300224574,-0.02262228070523185,-0.07086108368338898,-0.008808420010150034,Bond
VL1_Vol_21,21,-0.04685523141647526,7.680815932933933e-08,0.04685523141647526,0.5846013390139988,0.5893808002434201,-0.02439385486007386,-9.443623996320833,0.02548273752554305,5,0.23153870878493624,0.21237093861942882,-0.0014604276901484556,-0.09075463686966749,-0.02576917732935497,-0.12904864310867087,-0.018497599727721924,Bond
VL1_Vol_21,63,-0.03715051788179434,2.103416270126999e-05,0.03715051788179434,0.6351702030224393,0.6231684981684982,-0.05310645581273791,-10.646406493246218,0.08694895875493379,2,0.20975017413495953,0.21472092155363837,0.21623628163417652,0.06542381415997264,-0.027129543308380685,-0.11090800682865058,0.0405490699388207,Bond
VL1_Vol_42,5,-0.01441030009302626,0.09831079229508882,0.01441030009302626,0.5644376899696049,0.5347211669958973,-0.004412670385572921,-3.818154209571897,0.025025177404990526,3,0.1483924327892402,0.08361291480318069,0.03168418099034172,-0.036084568425828994,-0.021965996884084894,-0.05679154228533833,0.026328820847423363,Bond
VL1_Vol_42,21,-0.03844153425565657,1.0404315334295782e-05,0.03844153425565657,0.5928180158247109,0.5811653734976419,-0.019518166626355533,-7.501564939932275,0.054486414021119804,3,0.23939379909737535,0.1671826052445607,0.08898913868264079,-0.01871256456127736,-0.031145115934157502,-0.08628896345333421,0.021985999072030832,Bond
VL1_Vol_42,63,-0.047178987444179435,6.553782667371719e-08,0.047178987444179435,0.6247901083803999,0.6335470085470085,-0.05089122232617673,-10.160657730512678,0.08508998440568197,2,0.12596510006385664,0.14301607719922244,0.26390752451634863,0.11752845482696439,-0.00848908405786264,-0.08701146913593388,0.04071328742717818,Bond
VL1_Vol_63,5,-0.014403844325075086,0.09846159834265218,0.014403844325075086,0.5594224924012158,0.5397356024920225,-0.004094005299219103,-3.608044041230292,0.02895855990584322,3,0.12570579959572328,0.06822402348679711,0.0652656358437463,-0.007612068720324571,-0.027726208800572492,-0.05598989797165646,0.03484263590718938,Bond
VL1_Vol_63,21,-0.03613823143571948,3.4090190869228104e-05,0.03613823143571948,0.5832318928788801,0.5907500380343831,-0.01632809076864472,-6.310438708469856,0.05668499107306372,2,0.14818411588385527,0.12264700321336235,0.17256597555175524,0.0278965391192649,-0.021680297847168035,-0.08192925310399375,0.029110854694370053,Bond
VL1_Vol_63,63,-0.05766139189370043,3.967944889320389e-11,0.05766139189370043,0.6148679590902152,0.6434676434676435,-0.049972610314761676,-10.096638320482983,0.06229995367976106,2,0.027774581914263224,0.10902823796273298,0.21270485908243647,0.1565610637703335,-0.004962091202427103,-0.09180372005482344,0.02679674428581172,Bond
VL2_VolZ_21_126,5,-0.01113060927175076,0.20165967207866764,0.01113060927175076,0.5554711246200608,0.543686369852606,-0.0012761688344885233,-1.3509422112816531,-0.004004283324342854,4,0.04546408667628046,0.077987487771264,0.06414194853984787,-0.11276713935686976,-0.01706851179417479,-0.01992508353367571,-0.06586277157307206,Bond
VL2_VolZ_21_126,21,-0.020587037443967428,0.018257040630693413,0.020587037443967428,0.5850578210590384,0.5889243876464324,-0.009995964911279149,-4.614795871883813,-0.0046822731700879245,5,0.1877850164218116,0.2217209690605296,-0.028990518324373632,-0.2830117153015812,-0.021276127649032566,-0.03452062150766136,-0.07448291489030792,Bond
VL2_VolZ_21_126,63,0.040747486981333514,3.0743396911565724e-06,0.040747486981333514,0.6511982903373531,0.6071428571428571,0.0009905288720032726,0.23951039729357615,0.082160906208133,5,0.2284451836821896,0.1866054784737318,0.1678585325784105,-0.16754530075559837,0.06637150159008279,-0.019050050496923536,0.11244099838503828,Bond
VL2_VolZ_21_252,5,-0.0018035912284282837,0.8360949625436225,0.0018035912284282837,0.5591185410334346,0.5400395076736059,0.000533185179616862,0.5724251087925714,0.008866273489283491,3,0.06425994441449137,0.10794915371262069,0.04916296990715519,-0.10909009075154007,0.03229310178774247,-0.05512415244512316,-0.02738701220036202,Bond
VL2_VolZ_21_252,21,-0.007445716329921053,0.3933298263050524,0.007445716329921053,0.5824710894704809,0.5915107256960292,-0.0010983080568366214,-0.5453481303233539,0.016301799440530486,3,0.2149158683001771,0.24646750288007552,-0.06477691078108858,-0.2457628084829879,0.065134525239208,-0.11248736359447654,0.010621782522805797,Bond
VL2_VolZ_21_252,63,0.05069122405918027,6.409040189309861e-09,0.05069122405918027,0.6504350480842619,0.6079059829059829,0.016699609780196842,4.008384338116714,0.0885547586367331,5,0.2244468620242968,0.2526799044754113,0.14730955023982328,-0.14965459983448115,0.11353255328477055,-0.1382079509018381,0.169776991169149,Bond
VL2_VolZ_42_126,5,0.001064367520910952,0.9028244384873924,0.001064367520910952,0.5659574468085107,0.5332016410879805,-0.0025425993654441753,-2.6719983998171943,0.011632265811462941,4,0.12569902682848566,0.0952961196971624,0.03442421730314199,-0.12385450842209239,-0.026233616830010145,0.0010681228091302555,-0.024973500705577176,Bond
VL2_VolZ_42_126,21,0.0065699406662749656,0.4513351415091231,0.0065699406662749656,0.6075776019476568,0.5664080328617069,-0.010569241874301109,-4.9012978409891375,0.030827173250364454,4,0.21980240948085447,0.21431241946879104,0.060711152622836405,-0.25457412211605546,-0.03431568870792534,-0.005421589307967786,0.0152756313120179,Bond
VL2_VolZ_42_126,63,0.059544751577773905,9.016308605320224e-12,0.059544751577773905,0.6530300717447718,0.6053113553113553,0.004190819542137028,1.036532494101931,0.09342769961095161,6,0.18143434227508543,0.1125394832536779,0.23673075056083523,-0.10912998821235984,0.07154437863547072,0.017894708574973824,0.1429802221889781,Bond
VL2_VolZ_42_252,5,0.010906747205636502,0.21087767991927625,0.010906747205636502,0.5708206686930091,0.528339158182647,-0.0007414000105476232,-0.8227796752818005,0.021027807726519864,5,0.12891979628126737,0.10498032442775283,0.00014023531309903205,-0.10671446905619685,0.035482872254132096,-0.04942357259142337,0.03380946745700792,Bond
VL2_VolZ_42_252,21,0.02089331349719656,0.01659832778476949,0.02089331349719656,0.6098600121728546,0.5641259698767686,-0.0021040722537417223,-1.0270490057502768,0.04963391860497222,5,0.22228128971034963,0.22593898657079778,0.030385416060398508,-0.18927588123028014,0.05539872735090053,-0.09970602073459266,0.10241491250723189,Bond
VL2_VolZ_42_252,63,0.05947981964422194,9.496173019352067e-12,0.05947981964422194,0.667989619905358,0.5903540903540904,0.00570820688035463,1.3413537906365511,0.09172072405792313,5,0.1364701155276996,0.18445684589788958,0.21006661828432285,-0.10356216075507763,0.12456254689477186,-0.1313173314054271,0.22136843396128286,Bond
VL3_AsymVol_20_5,5,-0.010111156278209174,0.24609543049138297,0.010111156278209174,0.5585106382978723,0.5406473180367726,-0.0034393562836677353,-2.985880315453908,0.02861437951888156,3,0.10013474413009264,0.10119514020227074,0.0772788450351642,-0.012137270596365116,-0.028157310016175514,-0.039908205310048746,0.0018947131872327119,Bond
VL3_AsymVol_20_5,21,-0.036885064839999676,2.337219020725689e-05,0.036885064839999676,0.5923615337796714,0.5816217860946296,-0.017444689183191114,-6.84814863777787,0.02573201576461561,4,0.18662207449059898,0.17789638008448222,0.07437784850140806,-0.09301759559200104,-0.022866534425204456,-0.10247604674588252,-0.040412015961091986,Bond
VL3_AsymVol_20_5,63,-0.026191731275783836,0.002714437786926263,0.026191731275783836,0.6327278278125477,0.6256105006105006,-0.04200969731147507,-8.595423375345758,0.081961191078064,1,0.24343707888800706,0.1765936155693758,0.08904330688131742,0.03447551916458144,0.04109729020228819,-0.04511653668674369,0.034198063527621794,Bond
VL3_AsymVol_30_10,5,-0.008404056366470528,0.33502057067629565,0.008404056366470528,0.5613981762917933,0.5377602188117308,-0.0030527591995493167,-2.622821437146684,0.028831181636534243,3,0.11714462462974248,0.10691253738308697,0.07922040309642961,-0.030381095614941334,-0.020885374739366833,-0.05778474236690146,0.00759191906769028,Bond
VL3_AsymVol_30_10,21,-0.03530498364581128,5.1513554351465366e-05,0.03530498364581128,0.5928180158247109,0.5811653734976419,-0.018399201814773294,-7.136611805529147,0.03804934367628624,4,0.24124467633819802,0.2037230702755576,0.06295095676458387,-0.09675360945743601,-0.008008695704875515,-0.11336684559211635,-0.023444146889907896,Bond
VL3_AsymVol_30_10,63,-0.03568141372990216,4.401929510961401e-05,0.03568141372990216,0.6316592886582201,0.6266788766788767,-0.044914223524089865,-9.134732677517515,0.08662492829973115,1,0.2522806352565186,0.1991053897259034,0.11283878971140958,0.03917934861727788,0.03341774903353104,-0.06776134410239275,0.03731392985587038,Bond
VL4_VolTrend_21_63,5,-0.02980912531496277,0.0006257975762443741,0.02980912531496277,0.5413373860182371,0.5578179607962316,-0.0023537385158842374,-2.4136207344610243,-0.023663678548791315,3,0.005461740305164204,0.0613723933214174,0.014933537667277775,-0.12685393157756844,0.0004498016367518747,-0.05391425074872289,-0.06709504044585912,Bond
VL4_VolTrend_21_63,21,-0.06094606311118152,2.6829704629815367e-12,0.06094606311118152,0.5657334144856969,0.608245854252244,-0.016119314011918635,-7.408587926457564,-0.049246004069236786,5,0.1694700726088071,0.18946635108812462,-0.1793012798993285,-0.3223497517848777,-0.005237205891386706,-0.10290866732020128,-0.093861547285795,Bond
VL4_VolTrend_21_63,63,0.008416939119805702,0.335347747738302,0.008416939119805702,0.6366966875286216,0.6216422466422467,-0.022868737743557147,-5.20280999799312,0.0438666702743369,5,0.19541462614206342,0.20498106180903863,0.0941779421692704,-0.1831953097663512,0.013675764153832658,-0.05294101707489622,0.03495362448740066,Bond
VL4_VolTrend_21_126,5,-0.015964887394494812,0.06703235907572964,0.015964887394494812,0.5537993920972645,0.5453578483513144,-0.001976075080490354,-1.9675916972775092,-0.009835926514154431,3,0.021689421023086543,0.07001830206558725,0.06708466742609544,-0.1348627800947569,0.0010990031066176347,-0.04290910073734482,-0.05097099838836615,Bond
VL4_VolTrend_21_126,21,-0.026195514114505825,0.002668158622961057,0.026195514114505825,0.58338405356056,0.5905979005020539,-0.011514682233742033,-5.176847192025072,-0.01032717057534281,5,0.1586313864675546,0.21233329524522732,-0.010872346014146595,-0.3057352945686357,-0.010221439236308673,-0.07059202068603325,-0.04583377523505736,Bond
VL4_VolTrend_21_126,63,0.034208384527091344,8.982538383528147e-05,0.034208384527091344,0.6476873759731339,0.6106532356532357,-0.005801138306710911,-1.323217723016477,0.07965266103510273,5,0.19617330056005597,0.16182908607271873,0.21780113330482395,-0.19066383782545065,0.0986599712187107,-0.056040172273226996,0.12980914618808734,Bond
VL5_VoV_21_42,5,-0.008650403177063015,0.321045993642297,0.008650403177063015,0.5553191489361702,0.5438383224433977,-0.0021317632976425097,-1.9288568080456718,0.005199236334617177,3,0.015519118848340164,-0.003872901626093701,0.05690739315362176,0.012571247935449217,-0.05852435883858106,-0.022138714635022066,0.035932869504605926,Bond
VL5_VoV_21_42,21,-0.02443278171287639,0.00508797658090497,0.02443278171287639,0.5998174071819842,0.5741670470104975,-0.013459262587473231,-5.449399693630653,0.021890726955569588,3,-0.03766302954740486,0.014423600842239528,0.1040727350997633,0.02047081288776378,-0.018553069063241112,-0.0009944766794096871,0.07147851514927618,Bond
VL5_VoV_21_42,63,-0.029422338579123426,0.0007562392252808812,0.029422338579123426,0.6270798351396734,0.6312576312576312,-0.03687415627825162,-8.082928943865843,0.05333220142595381,1,0.06679068290123176,-0.07783727164826376,0.13140778024669178,0.058765454102556375,0.08218288397677966,0.09255215076126624,0.01946372964141469,Bond
VL5_VoV_21_63,5,-0.00564004812536456,0.5176462369429976,0.00564004812536456,0.5522796352583587,0.5468773742592311,-0.0013027223924984505,-1.1946137263397942,0.011162832589361826,2,-0.010269747033245997,0.0029000824771093746,0.02587579844948376,-0.007451919651144058,0.0044826190344567805,0.02347781707751203,0.039125177771360896,Bond
VL5_VoV_21_63,21,-0.018625185187218358,0.032729143732479836,0.018625185187218358,0.592665855143031,0.5813175110299711,-0.009252345761097526,-3.7429728541292313,0.03611932201743916,1,-0.005027800060560691,0.006941652627038169,0.031043053361550374,0.018329266317866046,0.055548119756436184,0.07514749922830181,0.07085346289144218,Bond
VL5_VoV_21_63,63,-0.022460526877872228,0.010137658370284592,0.022460526877872228,0.6319645855594566,0.6263736263736264,-0.036555239009636475,-8.105061266581352,0.058464453261492744,1,0.12118869563794665,-0.054635122773864966,0.07225204346561884,0.022791588352491027,0.06391971212719356,0.15852290811354802,0.025211347907516064,Bond
MA2_YieldMom_21,5,0.049897773546316436,1.0200170281601419e-08,0.049897773546316436,0.5618234486964476,0.5374129051802484,0.006347612426798316,5.442283461406817,0.007859040691362245,4,0.07345978941539942,0.026871113954847318,-0.019939673407016342,0.02335313914885776,-0.06498308326642177,-0.01590759360556897,0.03215959259943831,Bond
MA2_YieldMom_21,21,0.045360634205498865,1.962502272217113e-07,0.045360634205498865,0.5981979230299328,0.5758678187054722,0.015507257804817137,6.311404639331935,0.022677892875396732,4,0.17224739356245058,0.0869346064243203,-0.0849499103178009,-0.09589906004121487,0.046658033827809677,-0.011932098766883252,0.04568628543909563,Bond
MA2_YieldMom_21,63,0.01682756195547942,0.05408244849460409,0.01682756195547942,0.6381578947368421,0.6202223237399117,0.0018123609386169956,0.37661759671153583,0.00850805679069885,4,0.049339905680535076,0.16202976570959451,-0.17948309399567247,-0.026542160086589602,0.06202338798732958,0.08765583209307623,-0.09546723985338135,Bond
MA2_YieldMom_42,5,0.032951775661182285,0.00015623637366139756,0.032951775661182285,0.567818541634952,0.5314016990291263,0.002426253600513237,2.0805480285626086,0.019371807143829734,5,0.09234690222611723,0.04797582529693118,-0.07571145125513094,-0.0028804656889065325,0.0073062927683256815,0.039143855021419156,0.027421691638052352,Bond
MA2_YieldMom_42,21,0.017356592824105385,0.046599464331784,0.017356592824105385,0.6005488641561214,0.5734892195566352,0.0011276011406177074,0.45854905405222984,0.01417528974104281,4,0.12263807168916739,0.11627338014578356,-0.12030671995903804,-0.08545314196090026,0.04010583786536956,0.05838689234677549,-0.03241729193985804,Bond
MA2_YieldMom_42,63,-0.007951752659491088,0.36274264556136665,0.007951752659491088,0.6433587786259543,0.6149855028231345,-0.014929838664050829,-3.1331966582909376,-0.031491506530082515,4,-0.027996974133472637,0.22751361592104397,-0.26943487413139805,-0.07373788617306544,0.038094895157149734,0.0855306997827272,-0.20041002213356238,Bond
MA2_YieldMom_63,5,0.02798035238944905,0.0013261088307043678,0.02798035238944905,0.5584535133476527,0.5408700888152943,0.0014989721377449187,1.27770700435431,0.010143793536724571,3,0.06372319084295726,0.09186280083523266,-0.09721874058484965,-0.007922026913294421,-0.009685085465534708,0.04032086986944463,-0.010074453826883786,Bond
MA2_YieldMom_63,21,0.022876494399227613,0.008717934619032641,0.022876494399227613,0.5952088452088452,0.5789235639981909,0.003749125143759245,1.4637190563774705,0.009242844387068055,4,0.05116513116424353,0.1861451212686313,-0.1652542824864059,-0.052614964441393956,0.08244428347041988,0.06201838907749651,-0.099203767343515,Bond
MA2_YieldMom_63,63,-0.010798626768056487,0.21645152071475124,0.010798626768056487,0.6380556837409629,0.6204180551348076,-0.003966547661107593,-0.8654989167685659,-0.07529503328404487,4,-0.08379832626572806,0.1642869719227735,-0.33716941431998115,-0.11678496510905659,0.047597189767883435,0.046444563747053885,-0.24764125273125898,Bond
MA2_YieldMom_126,5,0.023428817018244737,0.007190285042480431,0.023428817018244737,0.5583269961977186,0.5408442150015184,0.002654377930959756,2.2672365918314985,-0.03000447734421516,3,0.012714593620517897,0.012440101345871781,-0.09043400526520697,-0.12579146476708938,-0.015198123288627017,0.020517529931653917,-0.02427997298662638,Bond
MA2_YieldMom_126,21,-0.0018622156605842177,0.8309479292751348,0.0018622156605842177,0.5890056342317649,0.5849802371541502,0.0020743780646312084,0.8055660418076095,-0.08025829522077602,4,0.01888847104473299,0.013591741649538944,-0.24971223896445938,-0.264996050413449,-0.016155925609124665,0.0002743746734853653,-0.0636984389261564,Bond
MA2_YieldMom_126,63,-0.04449782508567999,3.475835011497287e-07,0.04449782508567999,0.6229958772331654,0.6353371986573085,-0.006925672497429251,-1.4351605346075396,-0.15006449483808054,6,-0.0022507803703512696,0.0061657000621489376,-0.38712647836314684,-0.3652703644686267,-0.1793778408654381,-0.005536073767000552,-0.11705562609414924,Bond
MA3_YieldRegime_252,5,0.04167993470323816,1.7252218686557214e-06,0.04167993470323816,0.5673252279635258,0.5318340677708555,0.0020149640526410384,1.8876180191571847,-0.004161662473248795,3,0.05767303554430201,0.033974264988102555,-0.05453510585600985,-0.06546405437215136,-0.019377870652149444,0.020445556302034838,-0.0018474632668703222,Bond
MA3_YieldRegime_252,21,0.031688017022454294,0.0002794395851382375,0.031688017022454294,0.6069689592209373,0.5670165829910239,0.004086562047290517,1.7047159859872996,-0.03878824599338979,3,0.07739566263094706,0.05117719765473203,-0.18667491988781415,-0.18917377740439928,0.017054371201744425,-0.00986214969476789,-0.03143410645417073,Bond
MA3_YieldRegime_252,63,0.012064374132790073,0.1673074542849842,0.012064374132790073,0.6495191573805525,0.6088217338217338,-0.006948716518055259,-1.681672201255295,-0.10786952978575258,1,-0.0367567710481007,0.03834781753484598,-0.3117052184070371,-0.21787234267727654,-0.06858792191664916,-0.008805516266256709,-0.1497067557197939,Bond
MA3_YieldRegime_504,5,0.028709382911290156,0.0009879121993740542,0.028709382911290156,0.5650455927051672,0.5341133566327306,0.0015417039484140298,1.3825883740298162,-0.026202915272094274,2,0.037376794972088484,-0.051713651474483834,-0.07294746647691647,-0.0524264060216964,-0.03442357552118668,-0.01505223302704029,0.005766130644575296,Bond
MA3_YieldRegime_504,21,0.001382592508559729,0.8740616320626158,0.001382592508559729,0.5943396226415094,0.5796439981743496,-7.51594209415854e-05,-0.031013453932514038,-0.09012134086925958,1,0.046585227080066495,-0.14060682381933584,-0.2064864358748518,-0.16612831853218712,-0.05567926681956488,-0.08028797264643882,-0.028245795472504942,Bond
MA3_YieldRegime_504,63,-0.030185533542885022,0.0005487730648616574,0.030185533542885022,0.6238742176766906,0.6344627594627594,-0.01632956653452558,-3.8156449511638724,-0.18014177619104865,7,-0.07257296626693606,-0.21695051120893413,-0.38787775187197937,-0.20399237384239488,-0.2183119321805855,-0.12280846238972297,-0.038478435576787866,Bond
MA5_NQ_Bond_Corr_63,5,-0.013787851608362062,0.11372113320226261,0.013787851608362062,0.5386018237082066,0.5605531074304817,-4.8738524262267706e-05,-0.04742995037143537,2.2638165233247148e-05,3,0.012519464684804993,-0.005244091312533447,0.0037647443153824662,-0.04528639010720961,0.044527601428319165,0.11532710158789988,-0.1254499634400307,Bond
MA5_NQ_Bond_Corr_63,21,-0.05104012373051297,4.76740542981163e-09,0.05104012373051297,0.5701460742544127,0.6038338658146964,-0.0060604744761792815,-2.808063137963058,-0.030409215650204015,4,0.003074480639904089,-0.04768567344163222,-0.04783289958600452,-0.08882487456051909,0.07584153349312182,0.17656595944537354,-0.2840030355416717,Bond
MA5_NQ_Bond_Corr_63,63,-0.0941530454448114,3.422869571607711e-27,0.0941530454448114,0.5931918791024271,0.6651404151404151,-0.03220681204383751,-7.488460207084902,-0.07207761323513824,6,-0.013465286796607367,-0.09669874636604447,-0.15145596717155213,-0.04232062874309288,-0.041934092609410015,0.21746995629582924,-0.37613852725509006,Bond
MA5_NQ_Bond_Corr_126,5,-0.022080194313459867,0.011304610251769789,0.022080194313459867,0.5390577507598784,0.5600972496581067,-0.0016281477922916805,-1.5579264075274788,-0.018759782472274594,5,0.013548697076009206,-0.03887918473409651,-0.03992081171384874,-0.01543545267322308,-0.009330835069581794,0.056505542626089075,-0.09780643281727032,Bond
MA5_NQ_Bond_Corr_126,21,-0.0668054751488504,1.7579819503374605e-14,0.0668054751488504,0.5652769324406574,0.6087022668492317,-0.008077192265822866,-3.671303601898395,-0.051764290029222414,5,0.04947025993436017,-0.1185086085870064,-0.09771753476797095,-0.07820757996434304,-0.056456270071741414,0.10194023741102338,-0.16287053415887864,Bond
MA5_NQ_Bond_Corr_126,63,-0.10729829524726933,7.368712930866966e-35,0.10729829524726933,0.597160738818501,0.6611721611721612,-0.036386364068106275,-8.542376382536556,-0.09316749245353151,5,0.07870346768053262,-0.1995249525300374,-0.28750166928776383,-0.016139662399532507,-0.2352506561203243,0.15747588917127095,-0.14993486368886608,Bond
MA5_NQ_Bond_Corr_252,5,-0.02711538412512286,0.0018646038654077264,0.02711538412512286,0.5457446808510639,0.553411335663273,-0.0038174051396157372,-3.5879085016480308,-0.030870796462260375,5,0.03698041469398891,-0.11731637383377612,-0.03520074725950643,-0.0012949747659835031,-0.053176580867979155,0.014379173770568443,-0.06046648697313474,Bond
MA5_NQ_Bond_Corr_252,21,-0.07728594335526014,7.095124751115676e-19,0.07728594335526014,0.5741022519780888,0.5998782899741366,-0.019181189574317716,-8.049305549133473,-0.09929801802522051,6,0.03970541159810749,-0.29409887932816015,-0.12770706996134154,-0.04949015735354099,-0.12864669476354962,-0.025173041620637836,-0.1096756947474209,Bond
MA5_NQ_Bond_Corr_252,63,-0.12685452116232404,3.8562697420012644e-48,0.12685452116232404,0.6173103343001068,0.6410256410256411,-0.06862106251299484,-14.606169390294813,-0.18140127361069672,7,-0.07115723561547233,-0.42876239211539996,-0.3323625674248417,-0.029498895709240056,-0.3352711952404163,-0.05033422514302243,-0.0224224040264844,Bond
MA8_YieldCurve_252,5,0.038408239457734986,1.0459245474121088e-05,0.038408239457734986,0.5670212765957446,0.5321379729524388,0.0019395867750463085,1.6441214432323543,-0.021630854280069806,3,0.03049534630936552,0.021593353257002422,-0.06390682197709928,-0.09233352401132619,-0.02981593641090107,0.001617091189366907,-0.01906548831689694,Bond
MA8_YieldCurve_252,21,0.02457291067673757,0.004840180658114428,0.02457291067673757,0.6055995130858186,0.568385820781987,0.0009297236118490995,0.35730839716142787,-0.07551647140905292,2,0.03140415084971108,0.026086983402464518,-0.2087639106556611,-0.23113968855687309,-0.02069835847281228,-0.05424279207463012,-0.07126168435556934,Bond
MA8_YieldCurve_252,63,0.007178774727572525,0.4112621248697829,0.007178774727572525,0.6487559151274614,0.6095848595848596,-0.0048630904999345526,-1.0351820578663422,-0.15163619714833723,0,-0.06496303758580517,-0.00024802337739307626,-0.3163750573614212,-0.27792975292858485,-0.1421702606952327,-0.0872803164682583,-0.1724869316216652,Bond
